{"cameraMode":{"drawMode":0,"name":"Shaded","section":"Shading Mode"},"sceneLighting":true,"audioPlay":false,"sceneViewState":{"m_AlwaysRefresh":false,"showFog":true,"showSkybox":true,"showFlares":true,"showImageEffects":true,"showParticleSystems":true,"showVisualEffectGraphs":true,"m_FxEnabled":true},"in2DMode":false,"pivot":{"x":11.695625305175782,"y":1.4774436950683594,"z":-26.659908294677736},"rotation":{"x":0.0014849117724224926,"y":0.9812379479408264,"z":-0.19412127137184144,"w":0.0014166304608806968},"size":2.0886294841766359,"orthographic":false}