{"cameraMode":{"drawMode":0,"name":"Shaded","section":"Shading Mode"},"sceneLighting":true,"audioPlay":false,"sceneViewState":{"m_AlwaysRefresh":false,"showFog":true,"showSkybox":true,"showFlares":true,"showImageEffects":true,"showParticleSystems":true,"showVisualEffectGraphs":true,"m_FxEnabled":true},"in2DMode":false,"pivot":{"x":12.177986145019532,"y":-0.44351625442504885,"z":-38.13743591308594},"rotation":{"x":0.021974477916955949,"y":-0.9719110131263733,"z":0.10740398615598679,"w":0.20955483615398408},"size":5.841195106506348,"orthographic":false}