{"cameraMode":{"drawMode":0,"name":"Shaded","section":"Shading Mode"},"sceneLighting":true,"audioPlay":false,"sceneViewState":{"m_AlwaysRefresh":false,"showFog":true,"showSkybox":true,"showFlares":true,"showImageEffects":true,"showParticleSystems":true,"showVisualEffectGraphs":true,"m_FxEnabled":true},"in2DMode":false,"pivot":{"x":-2.511350154876709,"y":1.1233464479446412,"z":-2.548079490661621},"rotation":{"x":0.011260082945227623,"y":-0.8487683534622192,"z":0.018090257421135904,"w":0.5283495187759399},"size":0.8120059370994568,"orthographic":false}