{"cameraMode":{"drawMode":0,"name":"Shaded","section":"Shading Mode"},"sceneLighting":false,"audioPlay":false,"sceneViewState":{"m_AlwaysRefresh":false,"showFog":true,"showSkybox":false,"showFlares":true,"showImageEffects":true,"showParticleSystems":true,"showVisualEffectGraphs":true,"m_FxEnabled":true},"in2DMode":false,"pivot":{"x":0.043364524841308597,"y":0.015089422464370728,"z":-0.1008477509021759},"rotation":{"x":0.008169105276465416,"y":-0.9617218375205994,"z":0.27275002002716067,"w":0.032732345163822177},"size":0.38434502482414248,"orthographic":false}